City_ID,City,Lat,Lng,Max Temp,Humidity,Cloudiness,Wind Speed,Country,Date
0,nova sintra,14.8667,-24.7167,22.8,79,24,7.3,CV,1689601373
1,aioun,16.6614,-9.6149,35.17,36,91,2.61,MR,1689601373
2,iqaluit,63.7506,-68.5145,4.85,100,100,4.92,CA,1689601373
3,cidreira,-30.1811,-50.2056,12.6,66,0,5.36,BR,1689601373
4,port-aux-francais,-49.35,70.2167,4.25,98,100,16.33,TF,1689601374
5,yellowknife,62.456,-114.3525,17.29,67,100,4.63,CA,1689601311
6,puerto natales,-51.7236,-72.4875,2.25,69,40,5.66,CL,1689601374
7,tiksi,71.6872,128.8694,11.72,57,99,6.66,RU,1689601374
8,grytviken,-54.2811,-36.5092,-5.33,86,100,1.94,GS,1689601374
9,hammerfest,70.6634,23.6821,18.25,63,40,6.69,NO,1689601374
10,kapit,2.0167,112.9333,25.12,78,40,0.62,MY,1689601375
11,isafjordur,66.0755,-23.124,6.02,93,100,3.09,IS,1689601375
12,sao vicente,-23.9631,-46.3919,24.59,51,75,1.03,BR,1689601375
13,bilibino,68.0546,166.4372,17.21,55,98,1.11,RU,1689601375
14,waitangi,-43.9535,-176.5597,8.23,87,80,0.89,NZ,1689601375
15,udachny,66.4167,112.4,9.14,100,100,3.11,RU,1689601375
16,edinburgh of the seven seas,-37.0676,-12.3116,13.03,67,11,5.88,SH,1689601375
17,simanggang,1.2472,111.4528,27.99,83,6,0.0,MY,1689601375
18,lebu,-37.6167,-73.65,7.43,62,100,1.56,CL,1689601376
19,tikrit,34.6071,43.6782,44.19,7,0,7.48,IQ,1689601376
20,los frentones,-26.4077,-61.4137,13.38,58,100,3.71,AR,1689601376
21,avarua,-21.2078,-159.775,18.03,100,100,1.54,CK,1689601376
22,luwuk,-0.9516,122.7875,24.58,84,72,3.32,ID,1689601376
23,la ronge,55.1001,-105.2842,12.14,87,0,1.03,CA,1689601376
24,adamstown,-25.066,-130.1015,22.11,66,100,5.37,PN,1689601376
25,puerto ayora,-0.7393,-90.3518,24.75,96,40,2.24,EC,1689601377
26,sisimiut,66.9395,-53.6735,6.56,99,100,1.69,GL,1689601377
27,saint-pierre,-21.3393,55.4781,24.2,73,0,8.23,RE,1689601263
28,vemalwada,18.4667,78.8833,23.6,91,100,5.95,IN,1689601377
29,coquimbo,-29.9533,-71.3436,7.85,100,25,3.6,CL,1689601137
30,olonkinbyen,70.9221,-8.7187,4.81,98,100,8.53,SJ,1689601377
31,hermanus,-34.4187,19.2345,19.33,81,62,4.99,ZA,1689601353
32,port mathurin,-19.6833,63.4167,23.52,78,76,12.81,MU,1689601377
33,invercargill,-46.4,168.35,10.36,90,100,8.77,NZ,1689601378
34,petropavlovsk-kamchatsky,53.0452,158.6483,13.33,94,75,2.0,RU,1689601378
35,sinabang,2.4803,96.3801,26.56,82,98,2.36,ID,1689601378
36,ulladulla,-35.35,150.4667,11.85,77,0,3.09,AU,1689601378
37,indianola,41.3581,-93.5574,18.94,92,18,0.45,US,1689601378
38,tanumah,27.1,44.1333,44.61,5,0,4.84,SA,1689601378
39,tromso,69.6496,18.957,21.01,49,40,5.14,NO,1689601379
40,west island,-12.1568,96.8225,24.99,69,75,8.23,CC,1689601379
41,sigli,5.3848,95.9609,28.22,72,100,3.54,ID,1689601379
42,lihue,21.9789,-159.3672,26.77,79,100,8.23,US,1689601280
43,tenenkou,14.4572,-4.9169,37.25,30,93,3.43,ML,1689601379
44,urucara,-2.5364,-57.76,32.38,46,35,2.0,BR,1689601379
45,suva,-18.1416,178.4415,21.71,83,75,4.63,FJ,1689601380
46,whitehorse,60.7161,-135.0538,14.89,80,100,2.06,CA,1689601380
47,barclayville,4.6797,-8.2339,26.39,81,95,4.5,LR,1689601380
48,ancud,-41.8697,-73.8203,3.69,77,57,3.04,CL,1689601380
49,santa ana de yacuma,-13.75,-65.4333,23.97,83,4,2.57,BO,1689601380
50,hasaki,35.7333,140.8333,27.39,88,0,3.32,JP,1689601381
51,yarmouth,41.7057,-70.2286,26.26,89,40,3.09,US,1689601382
52,natal,-5.795,-35.2094,28.36,69,75,6.17,BR,1689601190
53,qibray,41.3897,69.465,37.27,12,0,3.11,UZ,1689601382
54,nuku'alofa,-21.1333,-175.2,20.19,73,20,4.12,TO,1689601382
55,san borja,-14.8167,-66.85,25.44,67,98,1.09,BO,1689601383
56,mount gambier,-37.8333,140.7667,6.21,88,0,3.66,AU,1689601383
57,margaret river,-33.95,115.0667,15.48,83,98,5.35,AU,1689601383
58,hobyo,5.3505,48.5268,26.65,72,18,14.01,SO,1689601384
59,preobrazheniye,42.9019,133.9064,16.21,96,53,2.64,RU,1689601384
60,afaahiti,-17.75,-149.2833,19.93,68,68,3.63,PF,1689601384
61,fale old settlement,-9.3852,-171.2468,28.55,75,100,5.92,TK,1689601384
62,college,64.8569,-147.8028,14.89,85,75,2.57,US,1689601147
63,ushuaia,-54.8,-68.3,2.81,70,0,2.06,AR,1689601283
64,qui nhon,13.7667,109.2333,27.43,78,100,4.86,VN,1689601385
65,hawaiian paradise park,19.5933,-154.9731,22.24,95,0,1.54,US,1689601385
66,atafu village,-8.5421,-172.5159,28.84,75,100,5.79,TK,1689601385
67,blackmans bay,-43.0167,147.3167,10.85,75,95,3.92,AU,1689601385
68,remire-montjoly,4.9167,-52.2667,26.02,89,40,1.54,GF,1689601385
69,bilhaur,26.85,80.0833,34.49,52,90,3.0,IN,1689601386
70,talnakh,69.4865,88.3972,10.67,95,100,5.11,RU,1689601386
71,nar'yan-mar,67.6713,53.087,21.87,48,87,4.84,RU,1689601386
72,khandyga,62.6667,135.6,11.06,63,97,1.32,RU,1689601386
73,yangambi,0.8102,24.4336,31.28,46,98,0.38,CD,1689601386
74,richards bay,-28.783,32.0377,23.97,49,0,4.12,ZA,1689601387
75,siedlce,52.1677,22.2901,31.53,35,100,5.45,PL,1689601387
76,longyearbyen,78.2186,15.6401,7.91,57,0,8.75,SJ,1689601387
77,zhangjiajie,29.1294,110.4783,23.91,82,5,1.75,CN,1689601093
78,chaihe,44.7667,129.7,17.02,96,11,1.96,CN,1689601388
79,hereford,52.0568,-2.7148,21.47,64,92,1.79,GB,1689601097
80,yambio,4.5721,28.3955,27.72,65,98,1.33,SS,1689601388
81,island harbour,50.724,-1.2758,21.85,74,16,2.24,GB,1689601388
82,ayorou,14.7308,0.9174,39.06,25,82,0.87,NE,1689601388
83,dongsheng,39.8161,109.9776,25.3,28,4,6.66,CN,1689601388
84,sattahip,12.6664,100.9007,30.05,66,40,4.63,TH,1689601388
85,kaa-khem,51.6833,94.7333,17.54,61,5,2.12,RU,1689601389
86,carthage,36.8611,10.3316,40.74,13,0,3.09,TN,1689601389
87,guerrero negro,27.9769,-114.0611,20.22,83,89,3.69,MX,1689601389
88,puerto colombia,10.9878,-74.9547,28.05,70,98,3.99,CO,1689601389
89,heihe,50.2441,127.4902,20.32,55,100,1.08,CN,1689601300
90,starobesheve,47.7504,38.0305,22.92,52,100,3.58,UA,1689601389
91,ghadamis,30.1337,9.5007,42.61,5,5,5.71,LY,1689601390
92,klyuchi,52.2667,79.1667,25.02,41,18,3.58,RU,1689601390
93,malakal,9.5334,31.6605,34.48,36,100,1.64,SS,1689601390
94,codrington,-38.2667,141.9667,5.59,85,0,5.15,AU,1689601390
95,dolores,-36.3132,-57.6792,7.0,63,2,5.28,AR,1689601390
96,mysen,59.5535,11.3258,19.11,75,67,1.79,NO,1689601390
97,desaguadero,-16.5656,-69.0417,9.59,54,46,1.94,PE,1689601391
98,rongelap,11.1635,166.8941,28.06,79,21,6.04,MH,1689601391
99,port alfred,-33.5906,26.891,20.66,64,75,1.79,ZA,1689601391
100,hafnarfjordur,64.0671,-21.9377,15.56,62,0,5.66,IS,1689601391
101,ribeira grande,38.5167,-28.7,22.65,73,75,4.92,PT,1689601391
102,qaqortoq,60.7167,-46.0333,10.89,81,92,1.22,GL,1689601391
103,stanley,54.868,-1.6985,20.16,58,20,4.63,GB,1689601392
104,lazaro cardenas,17.9583,-102.2,24.9,93,98,1.56,MX,1689601392
105,opuwo,-18.0607,13.84,26.15,15,0,5.76,NA,1689601392
106,sirte,31.2089,16.5887,30.02,58,0,5.43,LY,1689601392
107,fort mcmurray,56.7268,-111.381,15.77,77,20,5.14,CA,1689601392
108,susuman,62.7833,148.1667,13.63,64,85,0.88,RU,1689601392
109,georgetown,5.4112,100.3354,29.97,76,20,1.03,MY,1689601232
110,albany,42.6001,-73.9662,24.34,92,0,0.45,US,1689601172
111,thompson,55.7435,-97.8558,15.09,82,75,3.09,CA,1689601393
112,laguna,38.421,-121.4238,27.88,53,0,3.09,US,1689601393
113,holualoa,19.6228,-155.9522,23.91,86,100,2.06,US,1689601393
114,chernyshevskiy,63.0128,112.4714,11.76,97,34,0.75,RU,1689601393
115,bethel,41.3712,-73.414,27.72,82,0,1.34,US,1689601132
116,bredasdorp,-34.5322,20.0403,19.82,67,83,2.46,ZA,1689601394
117,jamestown,42.097,-79.2353,23.34,76,20,2.68,US,1689601245
118,vila velha,-20.3297,-40.2925,26.97,69,0,3.09,BR,1689601119
119,kudat,6.8837,116.8477,25.96,89,20,0.51,MY,1689601394
120,nadym,65.5333,72.5167,21.4,59,100,10.8,RU,1689601395
121,wailua homesteads,22.0669,-159.378,26.44,83,100,8.23,US,1689601395
122,gadzhiyevo,69.2551,33.3362,21.55,49,99,5.68,RU,1689601395
123,bereeda,11.8704,51.0579,31.03,53,35,1.41,SO,1689601395
124,villa gesell,-37.2639,-56.973,5.59,64,14,8.1,AR,1689601395
125,kingston,17.997,-76.7936,30.69,70,20,4.12,JM,1689601263
126,antofagasta,-23.65,-70.4,16.6,56,65,1.75,CL,1689601396
127,papatowai,-46.5619,169.4708,10.48,87,100,10.3,NZ,1689601396
128,tolanaro,-25.0319,46.9987,24.04,64,20,3.09,MG,1689601396
129,siwa oasis,29.2041,25.5195,40.43,15,0,4.4,EG,1689601396
130,karanpur,29.8419,73.4542,39.51,33,1,3.63,IN,1689601396
131,bin yauri,10.7823,4.8114,34.83,45,96,2.74,NG,1689601396
132,kilindoni,-7.9139,39.6668,25.22,78,0,8.41,TZ,1689601397
133,weno,7.4515,151.8468,26.97,83,100,1.54,FM,1689601397
134,oyem,1.5995,11.5793,27.08,71,26,0.26,GA,1689601397
135,yazman,29.1212,71.7446,41.0,29,28,3.29,PK,1689601397
136,fraserburgh,57.6874,-2.0184,18.57,75,97,5.5,GB,1689601397
137,rio grande,-32.035,-52.0986,9.06,67,3,5.79,BR,1689601397
138,vila franca do campo,37.7167,-25.4333,21.23,73,82,1.58,PT,1689601397
139,la passe,45.5549,-0.8967,25.57,48,2,4.71,FR,1689601398
140,tazovsky,67.4667,78.7,18.32,61,85,5.43,RU,1689601398
141,kundiawa,-6.0167,144.9667,15.86,95,47,0.05,PG,1689601398
142,midvagur,62.0511,-7.1939,9.46,87,100,10.8,FO,1689601398
143,nkove,-7.95,30.85,26.61,38,3,1.4,TZ,1689601398
144,shyroke,47.6917,33.2571,32.29,28,43,5.47,UA,1689601398
145,beau vallon,-20.4189,57.6953,23.45,78,75,3.09,MU,1689601274
146,rancho palos verdes,33.7445,-118.387,23.07,94,97,1.34,US,1689601399
147,tahe,52.3333,124.7333,19.38,58,88,1.57,CN,1689601399
148,ust-nera,64.5667,143.2,10.23,59,7,2.51,RU,1689601399
149,fortuna,40.5982,-124.1573,14.19,94,100,1.54,US,1689601399
150,tura,25.5198,90.2201,24.02,97,23,1.22,IN,1689601399
151,le vauclin,14.5452,-60.8388,31.03,70,20,7.72,MQ,1689601399
152,ain leuh,33.2921,-5.3384,35.76,5,0,4.62,MA,1689601400
153,qamdo,31.1667,97.2333,7.98,77,100,1.89,CN,1689601400
154,constantia,44.1833,28.65,30.39,52,0,6.18,RO,1689601366
155,mejit,10.2753,170.8646,28.03,77,100,4.68,MH,1689601400
156,katsuren-haebaru,26.3369,127.8719,29.01,88,100,8.75,JP,1689601400
157,kasempa,-13.4584,25.8338,25.84,21,0,3.08,ZM,1689601400
158,vilyuchinsk,52.9306,158.4028,14.15,93,97,0.86,RU,1689601169
159,hit,33.6416,42.8251,43.91,7,0,7.86,IQ,1689601401
160,sitka,57.0531,-135.33,12.94,88,100,2.06,US,1689601401
161,buka,40.8108,69.1986,37.42,11,0,5.13,UZ,1689601401
162,nuuk,64.1835,-51.7216,9.34,93,100,15.95,GL,1689601401
163,san patricio,28.017,-97.5169,29.39,71,23,4.11,US,1689601402
164,hithadhoo,-0.6,73.0833,28.1,73,100,1.99,MV,1689601402
165,okha,53.5739,142.9478,13.7,94,5,3.26,RU,1689601402
166,nogliki,51.8333,143.1667,12.95,93,4,3.15,RU,1689601402
167,t'ongch'on-up,38.9539,127.8917,23.27,88,95,3.93,KP,1689601402
168,luderitz,-26.6481,15.1594,22.91,36,0,1.37,NA,1689601402
169,minas de marcona,-15.2119,-75.1103,14.45,72,44,5.4,PE,1689601402
170,miyaly,48.8844,53.7836,22.02,55,100,2.86,KZ,1689601403
171,cobija,-11.0267,-68.7692,25.1,88,23,0.0,BO,1689601403
172,banfora,10.6333,-4.7667,33.36,49,51,1.07,BF,1689601403
173,maumere,-8.6199,122.2111,24.56,82,60,2.92,ID,1689601403
174,badger,64.8,-147.5333,14.84,87,75,2.57,US,1689601405
175,sarmiento,-45.5882,-69.07,-3.99,83,7,0.94,AR,1689601405
176,lautoka,-17.6167,177.4667,22.92,78,40,2.57,FJ,1689601405
177,fada,9.5667,8.3,29.48,60,38,3.07,NG,1689601406
178,ubari,26.5921,12.7805,39.86,9,7,6.92,LY,1689601406
179,maracacume,-2.0428,-45.9592,30.04,61,4,2.83,BR,1689601406
180,campo gallo,-26.5833,-62.85,11.59,64,100,2.93,AR,1689601406
181,plettenberg bay,-34.0527,23.3716,16.59,72,56,1.16,ZA,1689601407
182,ilulissat,69.2167,-51.1,7.01,87,75,1.54,GL,1689601132
183,porto velho,-8.7619,-63.9039,29.03,74,20,0.0,BR,1689601407
184,saudarkrokur,65.7461,-19.6394,9.25,67,79,4.44,IS,1689601407
185,arraial do cabo,-22.9661,-42.0278,22.92,78,40,4.12,BR,1689601407
186,mandalgovi,45.7625,106.2708,26.96,23,8,1.43,MN,1689601407
187,zhezqazghan,47.7833,67.7667,34.32,18,40,8.0,KZ,1689601408
188,kuraymah,18.55,31.85,44.15,6,53,2.83,SD,1689601408
189,sansanne-mango,10.3592,0.4708,34.37,46,89,2.01,TG,1689601408
190,alice springs,-23.7,133.8833,9.75,71,75,0.0,AU,1689601408
191,utrik,11.2278,169.8474,28.35,75,44,5.81,MH,1689601408
192,kandira,41.0736,30.1746,29.21,64,0,7.07,TR,1689601409
193,acarau,-2.8856,-40.12,30.29,56,11,7.48,BR,1689601409
194,new norfolk,-42.7826,147.0587,11.51,63,60,3.92,AU,1689601409
195,kill devil hills,36.0307,-75.676,30.0,86,75,0.0,US,1689601409
196,langen,49.9933,8.6728,28.98,32,0,5.14,DE,1689601410
197,port lincoln,-34.7333,135.8667,10.1,79,0,4.11,AU,1689601410
198,novyy urgal,51.0736,132.5642,17.84,81,5,0.66,RU,1689601410
199,puerto deseado,-47.7503,-65.8938,1.95,41,0,5.23,AR,1689601410
200,kirensk,57.7853,108.1119,14.63,94,35,1.19,RU,1689601410
201,flying fish cove,-10.4217,105.6791,24.82,83,100,4.63,CX,1689601410
202,the pas,53.8251,-101.2541,15.01,82,20,3.6,CA,1689601411
203,igarka,67.4667,86.5833,16.14,79,69,6.29,RU,1689601411
204,newman,37.3138,-121.0208,27.13,10,96,1.51,US,1689601411
205,bairnsdale,-37.8333,147.6167,6.47,75,0,1.84,AU,1689601411
206,enewetak,11.3474,162.3373,28.36,78,21,7.02,MH,1689601411
207,bharuch,21.7,72.9667,28.96,77,100,5.08,IN,1689601411
208,sittwe,20.15,92.9,27.71,86,54,3.74,MM,1689601411
209,sanctuary point,-35.1114,150.629,14.62,87,2,2.94,AU,1689601412
210,alofi,-19.0595,-169.9187,20.94,94,100,2.06,NU,1689601412
211,waiuku,-37.25,174.75,13.15,84,5,4.41,NZ,1689601412
212,punta arenas,-53.15,-70.9167,3.06,81,75,6.17,CL,1689601412
213,colonia,50.9333,6.95,25.32,43,0,7.2,DE,1689601179
214,anadyr,64.75,177.4833,16.67,72,0,4.0,RU,1689601412
215,veracruz,19.3333,-96.6667,23.22,81,96,1.03,MX,1689601412
216,xilin hot,43.9667,116.0333,21.9,46,6,4.95,CN,1689601413
217,vilyuysk,63.7553,121.6247,19.94,46,100,6.68,RU,1689601413
218,saipan,15.1355,145.701,28.39,100,20,4.12,MP,1689601413
219,tyazhinskiy,56.116,88.524,17.75,84,14,1.31,RU,1689601413
220,luanda,-8.8368,13.2343,25.0,69,7,4.63,AO,1689601413
221,kuta,-8.7233,115.1723,25.97,83,40,5.66,ID,1689601413
222,whakatane,-37.9585,176.9854,9.87,99,0,2.61,NZ,1689601413
223,tazacorte,28.629,-17.9293,24.54,77,75,6.17,ES,1689601414
224,christchurch,-43.5333,172.6333,8.86,91,100,1.54,NZ,1689600606
225,huanren,41.2647,125.3667,19.34,94,9,0.47,CN,1689601414
226,tralee,52.2704,-9.7026,18.14,68,40,3.6,IE,1689601414
227,ta`u,-14.2336,-169.5144,26.84,78,21,4.92,AS,1689601414
228,belalcazar,2.6547,-75.9928,15.09,98,100,0.45,CO,1689601414
229,kapa'a,22.0752,-159.319,27.18,81,100,8.23,US,1689601414
230,poronaysk,49.2167,143.1167,11.96,95,100,2.26,RU,1689601415
231,tual,-5.6667,132.75,26.78,76,100,8.86,ID,1689601415
232,chegdomyn,51.1167,133.0167,17.97,83,5,1.36,RU,1689601415
233,cambria,35.5641,-121.0808,19.99,77,55,1.33,US,1689601415
234,zemio,5.0314,25.1361,29.56,57,73,0.37,CF,1689601415
235,cabo san lucas,22.8909,-109.9124,28.17,80,40,4.63,MX,1689601298
236,urucui,-7.2294,-44.5561,34.12,26,2,5.01,BR,1689601415
237,ocean shores,46.9737,-124.1563,16.08,95,100,5.14,US,1689601258
238,shenjiamen,29.9576,122.298,26.15,93,96,3.56,CN,1689601416
239,hunkuyi,11.2668,7.6512,34.19,34,64,2.08,NG,1689601416
240,st. john's,47.5649,-52.7093,26.75,76,75,7.72,CA,1689601416
241,dudinka,69.4058,86.1778,10.9,79,91,6.33,RU,1689601417
242,soio,-6.1349,12.3689,24.17,73,10,4.28,AO,1689601417
243,uribia,11.7139,-72.266,30.41,58,98,11.12,CO,1689601417
244,rosetta,31.4044,30.4164,29.61,65,0,5.68,EG,1689601417
245,buri ram,14.9943,103.1039,28.22,77,100,4.82,TH,1689601417
246,iskateley,67.6803,53.1512,21.77,48,90,4.79,RU,1689601417
247,guayaramerin,-10.8368,-65.3614,26.03,83,20,1.03,BO,1689601417
248,port macquarie,-31.4333,152.9167,11.61,92,36,1.72,AU,1689601418
249,kodiak,57.79,-152.4072,11.73,82,100,5.14,US,1689601418
250,vysokaya gora,55.9128,49.3017,21.1,55,99,5.41,RU,1689601418
251,kapuskasing,49.4169,-82.4331,14.0,94,100,2.57,CA,1689601418
252,kone,-21.0595,164.8658,18.71,82,53,2.3,NC,1689601418
253,as sulayyil,20.4607,45.5779,46.14,6,98,7.11,SA,1689601418
254,akrehamn,59.2667,5.1833,14.67,88,75,6.17,NO,1689601418
255,kununurra,-15.7667,128.7333,18.99,63,10,1.03,AU,1689601419
256,turkestan,43.3333,68.25,38.88,12,0,6.19,KZ,1689601419
257,caleta de carquin,-11.0925,-77.6267,19.86,78,92,3.98,PE,1689601419
258,mazamari,-11.3258,-74.5308,24.42,81,71,0.53,PE,1689601419
259,keflavik,64.0049,-22.5624,12.95,66,40,6.17,IS,1689601419
260,aasiaat,68.7098,-52.8699,2.96,96,100,2.48,GL,1689601419
261,saynshand,44.8824,110.1163,30.78,18,32,4.24,MN,1689601419
262,miasskoye,55.2784,61.8905,26.49,56,62,2.46,RU,1689601420
263,sungai penuh,-2.0833,101.3833,18.78,98,94,0.68,ID,1689601420
264,northam,51.0333,-4.2167,19.25,67,97,6.63,GB,1689601420
265,namdrik,5.5994,168.1028,28.2,77,84,5.76,MH,1689601420
266,mantua,45.1667,10.7833,35.34,41,0,2.34,IT,1689601420
267,ribeira brava,32.65,-17.0667,25.4,65,9,1.93,PT,1689601420
268,maragogi,-9.0122,-35.2225,25.9,76,46,6.05,BR,1689601353
269,anloga,5.7947,0.8973,26.58,80,76,6.44,GH,1689601421
270,huarmey,-10.0681,-78.1522,20.94,77,90,3.29,PE,1689601421
271,port elizabeth,-33.918,25.5701,20.16,68,0,6.17,ZA,1689601421
272,sanya,18.2431,109.505,27.09,89,75,3.0,CN,1689601421
273,hamilton,39.1834,-84.5333,24.87,85,0,3.6,US,1689601371
274,pathein,16.7833,94.7333,26.07,87,26,5.28,MM,1689601421
275,al fuwayliq,26.4432,43.2534,43.91,5,20,5.95,SA,1689601421
276,chonchi,-42.6128,-73.8092,-1.44,77,64,0.42,CL,1689601422
277,bonthe,7.5264,-12.505,26.99,79,100,4.51,SL,1689601422
278,neftekumsk,44.6667,44.9167,26.67,33,49,7.58,RU,1689601422
279,portales,34.1862,-103.3344,25.74,32,0,5.61,US,1689601422
280,usinsk,65.9939,57.5281,21.18,52,54,3.66,RU,1689601422
281,kudahuvadhoo,2.6708,72.8944,28.73,75,35,4.92,MV,1689601422
282,lompoc,34.6391,-120.4579,16.08,97,75,0.0,US,1689601422
283,caluula,11.9661,50.7569,29.64,67,49,3.75,SO,1689601422
284,santana,-0.0583,-51.1817,29.1,79,40,3.6,BR,1689601423
285,huinan,42.6225,126.2614,18.29,94,10,1.74,CN,1689601423
286,mount isa,-20.7333,139.5,18.87,48,41,3.6,AU,1689601423
287,saint-joseph,-21.3667,55.6167,23.59,82,27,5.46,RE,1689601423
288,nemuro,43.3236,145.575,14.34,95,100,2.88,JP,1689601423
289,lerwick,60.1545,-1.1494,13.0,77,90,7.99,GB,1689601423
290,yunyang,33.4474,112.7142,25.6,63,11,0.43,CN,1689601424
291,rosarito,32.3333,-117.0333,19.71,82,59,2.01,MX,1689601424
292,saint-philippe,-21.3585,55.7679,23.77,85,42,5.78,RE,1689601424
293,vorgashor,67.5833,63.95,16.89,71,28,4.96,RU,1689601424
294,kotabumi,-4.8333,104.9,23.79,93,23,1.84,ID,1689601424
295,jalapa,19.5333,-96.9167,19.37,77,98,0.74,MX,1689601424
296,bocaiuva,-17.1078,-43.815,24.84,35,1,1.64,BR,1689601424
297,prince rupert,54.3161,-130.3201,14.83,94,100,2.57,CA,1689601425
298,arvayheer,46.2639,102.775,15.12,70,33,2.68,MN,1689601425
299,torghay,49.6339,63.4981,26.82,34,100,7.19,KZ,1689601425
300,roma,43.2128,-75.4557,25.77,73,75,2.06,US,1689601425
301,ataq,14.5377,46.8319,34.36,29,22,5.06,YE,1689601425
302,khandud,36.9513,72.318,22.86,27,8,3.31,AF,1689601425
303,subotica,46.1,19.6667,35.46,33,0,3.11,RS,1689601425
304,bilajer,40.5681,50.0378,25.9,53,20,6.17,AZ,1689601426
305,hilo,19.7297,-155.09,22.36,92,0,1.54,US,1689601173
306,sabang,5.8933,95.3214,29.39,74,100,11.85,ID,1689601426
307,ogre,56.8162,24.614,24.82,56,94,2.15,LV,1689601426
308,howrah,22.5892,88.3103,29.0,89,75,2.06,IN,1689601426
309,shingu,33.7333,135.9833,25.06,89,0,2.7,JP,1689601427
310,stjordalshalsen,63.4681,10.9262,17.0,72,75,5.66,NO,1689601428
311,auki,-8.7676,160.7034,25.04,88,100,0.99,SB,1689601428
312,kavaratti,10.5669,72.642,28.17,79,75,8.77,IN,1689601428
313,kavieng,-2.5744,150.7967,27.58,80,100,2.16,PG,1689601428
314,begusarai,25.4167,86.1333,31.69,62,100,4.72,IN,1689601428
315,stone,52.9059,-2.1541,20.42,63,96,5.21,GB,1689601428
316,kayangel,8.0823,134.7173,28.89,79,100,7.02,PW,1689601429
317,kaliganj,23.4095,89.1402,28.05,85,100,4.55,BD,1689601429
318,amga,60.8953,131.9608,11.23,82,96,2.06,RU,1689601429
319,cicurug,-6.7814,106.7825,22.16,93,72,1.06,ID,1689601429
320,victorica,-36.2151,-65.4359,3.44,61,96,4.97,AR,1689601430
321,wagini,12.6878,7.1958,35.7,32,87,1.42,NG,1689601430
322,salinas,36.6777,-121.6555,15.45,91,100,0.0,US,1689601430
323,brookings,44.3114,-96.7984,16.7,83,3,0.89,US,1689601430
324,howard springs,-12.497,131.047,21.95,45,62,1.25,AU,1689601430
325,darhan,49.4867,105.9228,18.45,90,100,4.86,MN,1689601430
326,tshabong,-26.05,22.45,24.19,16,0,2.65,BW,1689601431
327,hami,42.8,93.45,38.1,11,62,9.7,CN,1689601431
328,praia da vitoria,38.7333,-27.0667,22.14,78,75,3.87,PT,1689601431
329,changsha,28.2,112.9667,28.09,72,79,2.35,CN,1689601397
330,wenzhou,27.9994,120.6668,27.61,89,10,1.01,CN,1689601431
331,hongqiao,26.7684,112.1081,24.7,94,100,1.84,CN,1689601431
332,saint joseph,39.7686,-94.8466,22.36,96,100,3.09,US,1689601228
333,san luis de la loma,17.2706,-100.8939,27.56,80,70,1.22,MX,1689601432
334,robore,-18.3333,-59.75,19.05,88,75,0.0,BO,1689601432
335,cedral,23.8,-100.7333,19.55,66,52,4.12,MX,1689601432
336,betio village,1.358,172.9211,27.02,74,22,2.6,KI,1689601432
337,baotou,40.6522,109.8222,28.7,21,1,5.26,CN,1689601432
338,tadine,-21.55,167.8833,20.82,69,90,6.67,NC,1689601432
339,kuchaiburi,22.2667,86.1667,27.11,88,95,2.65,IN,1689601433
340,mondlo,-27.983,30.7177,22.63,17,0,1.95,ZA,1689601433
341,russkiy,43.0147,131.8642,17.92,95,100,2.73,RU,1689601433
342,chibuto,-24.6867,33.5306,25.02,31,0,2.01,MZ,1689601433
343,roxas,11.5853,122.7511,25.08,87,89,2.63,PH,1689601433
344,taroa,8.7058,171.2275,27.87,79,68,5.67,MH,1689601433
345,margate,51.3813,1.3862,19.39,80,86,2.68,GB,1689600721
346,alo,7.4178,6.7371,31.41,64,75,2.12,NG,1689601434
347,turkmenbasy,40.0222,52.9552,25.43,47,0,7.2,TM,1689601434
348,buckeye,33.3703,-112.5838,35.46,38,0,2.06,US,1689601425
349,wainwright,52.839,-110.8572,14.73,71,48,6.65,CA,1689601434
350,corinto,37.9407,22.9573,34.94,29,0,6.61,GR,1689601434
351,cabedelo,-6.9811,-34.8339,28.37,76,69,6.43,BR,1689601170
352,naryn,41.4287,75.9911,19.18,59,51,2.92,KG,1689601435
353,veraval,20.9,70.3667,28.5,82,20,6.76,IN,1689601435
354,sao jose da coroa grande,-8.8978,-35.1478,26.04,74,45,5.91,BR,1689601435
355,san jose,37.3394,-121.895,21.01,74,75,1.54,US,1689601060
356,pangody,65.85,74.4859,23.69,45,100,5.6,RU,1689601435
357,kabalo,-6.05,26.9167,34.82,20,5,2.9,CD,1689601435
358,maintirano,-18.0667,44.0167,24.92,66,0,6.18,MG,1689601435
359,fiambala,-27.6871,-67.6149,12.56,29,0,1.56,AR,1689601436
360,tinajo,29.0788,-13.7081,26.49,57,75,9.26,ES,1689601436
361,pariaman,-0.619,100.12,25.03,88,58,1.52,ID,1689601436
362,cockburn town,21.4612,-71.1419,28.42,82,99,8.29,TC,1689601436
363,banki,20.3833,85.5333,28.06,82,91,2.35,IN,1689601436
364,bubaque,11.2833,-15.8333,26.12,86,100,6.41,GW,1689601436
365,fort bragg,35.139,-79.006,27.12,80,0,1.54,US,1689601436
366,chibougamau,49.9168,-74.3659,19.79,83,40,3.31,CA,1689601437
367,sinan,34.8262,126.1086,25.06,96,100,6.01,KR,1689601437
368,dakhla,23.6848,-15.958,25.01,65,0,7.72,EH,1689601437
369,puerto baquerizo moreno,-0.9,-89.6,24.82,83,24,5.16,EC,1689601207
370,cody,44.5263,-109.0565,22.11,67,0,0.0,US,1689601437
371,haiku-pauwela,20.9219,-156.3051,23.47,79,100,6.17,US,1689601437
372,york,40.1254,-77.0,26.86,71,0,0.0,US,1689601438
373,nikolayevsk-on-amure,53.1406,140.73,16.39,79,41,0.92,RU,1689601438
374,revelstoke,50.9832,-118.2023,21.01,52,100,4.63,CA,1689601210
375,paracuru,-3.41,-39.0306,28.95,56,13,7.37,BR,1689601321
376,raduzhny,62.0961,77.475,21.62,52,82,2.46,RU,1689601438
377,kashgar,39.4547,75.9797,34.56,20,20,3.0,CN,1689601438
378,essaouira,31.5125,-9.77,27.72,61,5,4.63,MA,1689601438
379,north bend,43.4065,-124.2243,16.03,100,100,1.54,US,1689601439
380,el bolson,-41.9667,-71.5167,-0.87,84,27,0.17,AR,1689601439
381,santa ana,33.7456,-117.8678,24.58,87,0,3.09,US,1689601303
382,queenstown,-31.8976,26.8753,20.65,21,56,7.31,ZA,1689601439
383,tari,12.4086,4.4914,35.79,38,98,1.83,NG,1689601439
384,mirny,62.5353,113.9611,15.13,93,86,3.13,RU,1689601439
385,woolgoolga,-30.1106,153.2007,13.36,89,19,3.37,AU,1689601439
386,freetown,8.484,-13.2299,25.84,89,75,3.09,SL,1689601227
387,turpan,42.9333,89.1667,39.89,13,38,7.92,CN,1689601440
388,kaedi,16.1465,-13.5047,32.37,49,100,2.69,MR,1689601440
389,al ghayzah,16.2079,52.176,28.17,78,95,5.78,YE,1689601440
390,bikenibeu village,1.3673,173.1241,26.98,89,75,0.51,KI,1689601440
391,tofol,5.3248,163.0078,28.26,77,100,5.84,FM,1689601440
392,marsabit,2.3284,37.9899,25.47,33,98,8.61,KE,1689601440
393,lyantor,61.6195,72.1555,23.63,45,17,4.95,RU,1689601440
394,portland,45.5234,-122.6762,17.75,79,99,3.13,US,1689600880
395,charters towers,-20.1,146.2667,18.49,66,100,2.86,AU,1689601441
396,labrador city,52.9463,-66.9114,18.95,100,100,3.09,CA,1689601441
397,pueblo nuevo,23.3833,-105.3833,17.4,71,13,1.8,MX,1689601441
398,kirov,58.5966,49.6601,24.06,47,19,3.18,RU,1689601347
399,porto novo,6.4965,2.6036,29.9,67,70,5.45,BJ,1689601441
400,ocean city,39.2776,-74.5746,27.79,89,25,1.79,US,1689601406
401,kenora,49.8167,-94.4337,13.54,88,100,3.6,CA,1689601258
402,horqueta,-23.3428,-57.0597,15.16,89,98,2.24,PY,1689601442
403,al bayda,32.7627,21.7551,27.1,43,0,9.61,LY,1689601442
404,bandarbeyla,9.4942,50.8122,26.16,68,6,14.43,SO,1689601442
405,zaragoza,41.6561,-0.8773,32.23,44,0,3.09,ES,1689601442
406,mikuni,36.2171,136.1519,26.95,83,91,0.86,JP,1689601442
407,palafrugell,41.9174,3.1631,32.42,45,10,1.79,ES,1689601271
408,acajutla,13.5928,-89.8275,28.74,65,100,2.18,SV,1689601443
409,olinda,-8.0089,-34.8553,27.85,69,75,5.66,BR,1689601443
410,kargat,55.1956,80.2811,22.67,42,76,2.6,RU,1689601443
411,kerikeri,-35.2268,173.9474,8.84,92,16,2.11,NZ,1689601443
412,padang,-0.9492,100.3543,25.03,87,94,1.28,ID,1689601233
413,wuchuan,21.4571,110.7659,26.69,90,100,24.91,CN,1689601443
414,broome,42.2506,-75.833,23.7,78,75,2.57,US,1689601443
415,namibe,-15.1961,12.1522,24.35,78,0,5.14,AO,1689601444
416,tarsus,36.9188,34.8784,41.21,31,0,5.38,TR,1689601444
417,san ignacio,17.1561,-89.0714,25.08,94,0,0.0,BZ,1689601444
418,mount pearl,47.5166,-52.7813,26.29,72,75,7.72,CA,1689601444
419,at taj,24.2049,23.2857,40.28,9,0,4.36,LY,1689601444
420,beyla,8.6833,-8.6333,26.47,73,100,0.7,GN,1689601445
421,chrysoupolis,40.9856,24.6939,31.05,51,20,4.12,GR,1689601445
422,mata-utu,-13.2816,-176.1745,26.82,82,66,7.39,WF,1689601445
423,ndibene dahra,15.3338,-15.4766,27.82,62,100,1.29,SN,1689601445
424,nha trang,12.25,109.1833,30.0,78,100,2.0,VN,1689601445
425,troitsk,54.0979,61.5773,22.14,67,72,3.66,RU,1689601445
426,el calafate,-50.3408,-72.2768,-4.72,71,2,1.28,AR,1689601446
427,merizo village,13.2658,144.6691,28.31,91,100,6.02,GU,1689601446
428,ialibu,-6.2821,143.9935,12.88,98,85,0.4,PG,1689601446
429,diffa,13.3154,12.6113,40.32,18,5,1.4,NE,1689601446
430,yokadouma,3.5167,15.05,32.16,50,57,0.36,CM,1689601446
431,kuytun,54.3419,101.5036,15.69,82,100,3.87,RU,1689601447
432,tarakan,3.3,117.6333,28.26,79,62,4.6,ID,1689601337
433,yorkton,51.2167,-102.4677,9.91,93,0,1.03,CA,1689601447
434,mugia,43.1041,-9.2179,27.17,69,0,9.35,ES,1689601447
435,hammam bou hadjar,35.3789,-0.9678,45.73,11,0,4.71,DZ,1689601447
436,uray,60.1247,64.7758,24.27,46,15,3.27,RU,1689601448
437,buritizeiro,-17.3511,-44.9622,29.48,36,5,2.09,BR,1689601231
438,asentamiento humano nicolas de pierola,-11.95,-76.7,14.16,46,13,1.47,PE,1689601448
439,tukrah,32.5341,20.5791,30.54,54,0,6.67,LY,1689601448
440,conception bay south,47.4999,-52.9981,26.62,76,100,3.58,CA,1689601342
441,raton,36.9034,-104.4391,17.19,37,0,1.34,US,1689601448
442,yarim,14.298,44.3779,23.27,35,91,2.79,YE,1689601449
443,palmer,42.1584,-72.3287,26.84,73,20,0.89,US,1689601449
444,qaisumah,28.3112,46.1273,46.98,4,0,2.57,SA,1689601449
445,sechura,-5.5569,-80.8222,22.83,72,26,4.28,PE,1689601449
446,illizi,26.4833,8.4667,40.89,7,22,5.67,DZ,1689601449
447,ola,59.5833,151.2833,12.86,95,98,1.17,RU,1689601449
448,yenotayevka,47.2456,47.0281,24.99,44,96,7.43,RU,1689601449
449,vung tau,10.346,107.0843,26.45,84,100,9.92,VN,1689601450
450,zalingei,12.9096,23.4741,34.23,29,7,2.54,SD,1689601450
451,uturoa,-16.7333,-151.4333,25.29,69,5,4.84,PF,1689601450
452,elliot,-31.3333,27.85,18.07,24,24,4.28,ZA,1689601450
453,onguday,50.75,86.15,17.19,75,14,1.51,RU,1689601451
454,kalmunai,7.4167,81.8167,30.2,68,100,0.54,LK,1689601451
455,zadar,44.1197,15.2422,36.34,34,0,5.14,HR,1689601451
456,khed,17.7167,73.3833,25.56,93,100,3.02,IN,1689601451
457,saldanha,-33.0117,17.9442,20.03,86,20,2.87,ZA,1689601452
458,huilong,31.8111,121.655,26.63,94,23,5.39,CN,1689601452
459,kruisfontein,-34.0033,24.7314,18.82,63,21,3.66,ZA,1689601452
460,tobelo,1.7284,128.0095,25.2,86,100,1.02,ID,1689601453
461,la'ie,21.6477,-157.9253,25.98,79,50,1.79,US,1689601453
462,berdigestyakh,62.0989,126.6992,15.8,61,18,5.14,RU,1689601453
463,laojunmiao,39.8333,97.7333,26.54,18,0,4.95,CN,1689601453
464,strelka,58.0728,93.0344,16.76,69,19,0.72,RU,1689601454
465,parambu,-6.2111,-40.6944,29.97,36,0,4.97,BR,1689601454
466,champerico,14.3,-91.9167,24.3,70,100,1.93,GT,1689601454
467,martinopolis,-22.1458,-51.1708,21.62,47,6,2.4,BR,1689601454
468,xai-xai,-25.0519,33.6442,22.92,48,0,2.31,MZ,1689601454
469,choele choel,-39.2667,-65.6833,3.24,33,8,1.72,AR,1689601454
470,ca mau,9.1769,105.15,25.22,90,100,3.58,VN,1689601455
471,greensboro,36.0726,-79.792,25.72,74,75,2.06,US,1689601413
472,labytnangi,66.6572,66.4183,19.88,60,82,5.79,RU,1689601455
473,mkushi,-13.6202,29.3939,22.96,27,0,4.64,ZM,1689601455
474,arteche,12.2645,125.4048,26.19,87,100,0.77,PH,1689601456
475,talcahuano,-36.7167,-73.1167,4.82,75,0,3.09,CL,1689601456
476,vilyeyka,54.4896,26.9062,28.61,39,87,5.75,BY,1689601456
477,piatykhatky,48.4133,33.7106,28.57,38,7,5.8,UA,1689601456
478,selebi-phikwe,-21.979,27.8498,23.58,17,0,5.72,BW,1689601456
479,singrauli,24.1997,82.6753,28.72,68,100,2.68,IN,1689601457
480,lata,40.1629,-8.3327,27.26,17,0,4.54,PT,1689601457
481,walvis bay,-22.9575,14.5053,36.53,10,0,4.63,NA,1689601457
482,callao,-12.0667,-77.15,21.16,68,100,3.6,PE,1689601457
483,yatou,37.15,122.3833,21.83,83,2,2.12,CN,1689601457
484,zaozersk,69.4005,32.4476,22.22,44,100,5.44,RU,1689601457
485,kathmandu,27.7167,85.3167,22.13,91,100,1.54,NP,1689601383
486,makokou,0.5738,12.8642,29.9,59,24,1.58,GA,1689601458
487,houghton,47.1219,-88.569,14.5,91,100,6.17,US,1689601458
488,tarariras,-34.2833,-57.6167,5.65,69,11,5.47,UY,1689601458
489,east london,-33.0153,27.9116,22.52,53,0,3.09,ZA,1689601458
490,touros,-5.1989,-35.4608,29.65,53,2,7.34,BR,1689601458
491,singtam,27.2333,88.5,25.54,97,96,0.61,IN,1689601459
492,banda aceh,5.5577,95.3222,27.6,78,100,7.29,ID,1689601459
493,itigi,-5.7,34.4833,26.35,25,0,3.72,TZ,1689601459
494,kuruman,-27.4524,23.4325,23.33,18,0,3.93,ZA,1689601459
495,minot air force base,48.4209,-101.3391,13.32,92,20,2.06,US,1689601428
496,kristiansund,63.1115,7.732,16.03,82,75,5.14,NO,1689601460
497,cide,41.8921,33.0044,26.34,59,0,6.93,TR,1689601460
498,angaur state,6.906,134.13,28.11,79,100,3.9,PW,1689601460
499,sinop,41.7711,34.8709,23.24,44,0,3.24,TR,1689601460
500,imbituba,-28.24,-48.6703,16.59,83,100,3.11,BR,1689601355
501,akureyri,65.6835,-18.0878,12.96,54,40,5.14,IS,1689601460
502,el colomo,19.05,-104.25,23.99,92,99,4.09,MX,1689601461
503,pointe-noire,-4.7761,11.8635,24.43,75,8,4.02,CG,1689601461
504,hermosillo,29.0667,-110.9667,32.14,72,75,0.45,MX,1689601282
505,shimoda,34.6667,138.95,25.61,85,0,1.93,JP,1689601461
506,ponoka,52.6768,-113.5815,14.38,89,7,3.79,CA,1689601330
507,celestun,20.8667,-90.4,27.92,71,2,3.33,MX,1689601461
508,istok,42.7808,20.4875,34.13,35,0,0.63,XK,1689601462
509,mukalla,14.5425,49.1242,34.82,52,25,7.41,YE,1689601227
510,loreto,22.2667,-101.9667,17.02,70,5,3.23,MX,1689601462
511,xiaogan,30.9167,113.9,27.05,79,3,3.92,CN,1689601462
512,krasnoarmeyskoye,52.7182,50.0322,17.25,91,100,2.81,RU,1689601462
513,chico,39.7285,-121.8375,30.91,50,0,2.57,US,1689601193
514,waingapu,-9.6567,120.2641,22.89,83,6,4.44,ID,1689601463
515,niquero,20.0431,-77.5828,28.95,75,0,2.45,CU,1689601463
516,aripuana,-9.1667,-60.6333,31.34,34,54,1.96,BR,1689601463
517,isla mujeres,21.2311,-86.731,30.09,78,94,5.34,MX,1689601463
518,bireun,5.203,96.7009,27.34,76,100,3.26,ID,1689601463
519,obock,12.25,43.0833,35.27,27,12,9.35,DJ,1689601464
520,masterton,-40.9597,175.6575,8.27,95,62,1.43,NZ,1689601464
521,tripoli,32.8752,13.1875,32.64,40,0,5.0,LY,1689601464
522,aketi,2.7388,23.7833,34.15,34,86,1.58,CD,1689601464
523,jinjing,24.575,118.5972,30.12,83,95,2.68,CN,1689601464
524,obo,5.3998,26.4869,28.21,62,96,1.65,CF,1689601464
525,kota bharu,6.1333,102.2386,28.97,83,20,0.0,MY,1689601465
526,wasselonne,48.6372,7.4473,27.87,34,0,6.17,FR,1689601465
527,birao,10.2849,22.7882,35.64,36,12,0.38,CF,1689601465
528,kilembe,0.2,30.0,26.43,31,29,1.92,UG,1689601465
529,maydolong,11.4992,125.5011,26.53,85,98,2.04,PH,1689601465
530,ulsteinvik,62.3432,5.8487,14.95,95,100,2.68,NO,1689601465
531,longonjo,-12.9067,15.2533,28.64,15,0,1.42,AO,1689601466
532,shangrao,28.4532,117.9686,27.07,85,16,0.7,CN,1689601466
533,kalabo,-14.97,22.6814,27.31,16,0,2.89,ZM,1689601466
534,picture rocks,32.3459,-111.2462,33.34,42,38,2.57,US,1689601466
535,princeville,45.7668,-61.2985,25.79,88,100,5.66,CA,1689601362
536,yichun,47.7,128.9,14.73,96,8,0.88,CN,1689601467
537,mbanza kongo,-6.267,14.2401,37.05,15,0,1.53,AO,1689601467
538,lesozavodsk,45.4794,133.4244,19.02,94,30,1.89,RU,1689601467
539,peace river,56.2501,-117.286,14.81,100,100,2.06,CA,1689601218
540,pacasmayo,-7.4006,-79.5714,21.96,78,78,3.92,PE,1689601391
541,satkania,22.0796,92.0572,29.99,91,100,2.37,BD,1689601468
542,ocher,57.8904,54.7202,19.55,85,83,3.78,RU,1689601468
543,niafunke,15.9322,-3.9906,38.06,27,46,1.95,ML,1689601468
544,hollabrunn,48.55,16.0833,32.11,45,22,1.34,AT,1689601468
545,las palmas,28.4204,-14.0131,24.44,65,75,8.23,ES,1689601468
546,ust'-kut,56.7938,105.7672,16.16,78,55,1.13,RU,1689601469
547,bileca,42.8719,18.4297,28.94,41,0,2.55,BA,1689601469
548,tangalle,6.024,80.7911,30.09,86,99,5.79,LK,1689601469
549,taganrog,47.2362,38.8969,25.37,49,89,3.46,RU,1689601469
550,glubokoye,50.1456,82.3114,24.86,44,4,4.0,KZ,1689601469
551,khovd,48.0056,91.6419,25.81,24,100,0.81,MN,1689601469
552,paonta sahib,30.45,77.6167,29.34,76,59,1.06,IN,1689601469
553,vadso,70.0744,29.7487,22.49,59,0,2.06,NO,1689601470
554,planaltina,-15.4528,-47.6142,26.32,35,43,3.5,BR,1689601470
555,chandbali,20.7833,86.7667,28.71,79,91,4.02,IN,1689601470
556,berezovyy,51.6667,135.7,17.87,86,0,1.55,RU,1689601470
557,navas de san juan,38.2351,-3.3538,43.9,5,52,5.45,ES,1689601470
558,selfoss,63.9331,-20.9971,15.58,45,87,2.39,IS,1689601470
559,debre mark'os,10.35,37.7333,17.18,81,77,2.15,ET,1689601471
560,ciudad lazaro cardenas,17.9583,-102.2,24.9,93,98,1.56,MX,1689601315
561,camalu,30.85,-116.0667,21.06,80,61,1.65,MX,1689601471
562,bel ombre,-4.6167,55.4167,26.91,74,20,4.63,SC,1689601471
563,aromashevo,56.8602,68.6375,23.07,66,97,3.48,RU,1689601471
564,lusambo,-4.9667,23.45,37.7,16,1,1.75,CD,1689601471
565,mahdia,35.5047,11.0622,32.97,44,0,4.63,TN,1689601472
566,santa terezinha,-29.9002,-50.0904,12.64,67,0,5.54,BR,1689601472
567,orchard homes,46.8633,-114.0484,18.49,61,0,0.0,US,1689601472
568,barcelos,41.5388,-8.6151,32.18,35,2,3.67,PT,1689601328
569,konarka,19.9,86.1167,28.22,83,72,3.56,IN,1689601472
570,ahmadpur east,29.1431,71.2598,41.95,27,98,5.76,PK,1689601472
571,zarechnyy,53.2036,45.1923,22.28,55,19,4.98,RU,1689601473
572,nizhneangarsk,55.7833,109.55,11.5,97,100,0.37,RU,1689601473
573,kibre mengist,5.8833,38.9833,21.32,64,82,2.02,ET,1689601473
574,prado,-17.3411,-39.2208,26.71,62,15,2.62,BR,1689601473
575,san salvador,13.6894,-89.1872,26.04,90,100,2.13,SV,1689601410
576,sakhnovshchyna,49.1517,35.872,26.34,40,30,3.67,UA,1689601473
577,inhambane,-23.865,35.3833,22.96,46,36,3.44,MZ,1689601474
578,smithers,54.7804,-127.1743,11.18,100,100,0.0,CA,1689601381
